{"[0, 1, True, 0, 0, [1], [1]]": 19.999986254461867, "[0, 1, False, 0, 0, [1], []]": 18.99998648275281, "[0, 2, False, 0, 0, [1, 1], []]": 17.483135279008767, "[0, 1, False, 0, 0, [3], []]": 18.99998498489507, "[0, 2, False, 0, 0, [3], []]": 18.99998549916285, "[0, 2, False, 0, 0, [2], []]": 18.999985908982016, "[0, 2, True, 0, 0, [2], [1]]": 19.999985476824897, "[0, 3, False, 0, 0, [4], []]": 18.999984735633426, "[0, 1, False, 0, 0, [2], []]": 18.99998584598109, "[0, 1, False, 0, 0, [4], []]": 18.999984766772627, "[0, 1, True, 0, 0, [1], [1, 1]]": 19.99998038053612, "[0, 4, False, 0, 0, [5], []]": 18.999977200561286, "[0, 4, True, 0, 0, [4], [1]]": 19.999936386624274, "[0, 3, False, 0, 0, [5], []]": 18.99998577683818, "[0, 3, False, 0, 0, [3], []]": 18.99998551974438, "[0, 3, True, 0, 0, [3], [1]]": 19.99997385206525, "[0, 2, False, 0, 0, [4], []]": 18.99998497635134, "[0, 4, False, 0, 0, [4], []]": 18.99998395100151, "[0, 3, False, 0, 0, [1, 3], []]": 7.546565747747211, "[0, 2, False, 0, 0, [5], []]": 18.999986589858892, "[0, 1, False, 0, 0, [6], []]": 18.99986202040679, "[0, 5, False, 0, 0, [5], []]": 18.99983551503548, "[0, 1, False, 0, 0, [5], []]": 18.999985518077494, "[0, 2, False, 0, 0, [1, 3], []]": 11.46988289774592, "[0, 3, False, 0, 0, [1, 2], []]": 12.30871497004295, "[0, 3, True, 0, 0, [3], [1, 1]]": 19.999479637164946, "[0, 2, True, 0, 0, [2], [1, 1]]": 19.999879202219272, "[0, 2, True, 0, 0, [1, 1], [1]]": 14.14143625825572, "[0, 4, False, 0, 0, [6], []]": 18.99997620490313, "[0, 6, True, 0, 0, [6], [1]]": 19.055984148229985, "[0, 2, False, 0, 0, [7], []]": 18.273442373356108, "[0, 5, True, 0, 0, [5], [1]]": 19.998110418132217, "[0, 6, False, 0, 0, [6], []]": 18.999683616032243, "[0, 1, False, 0, 0, [1, 1], []]": 11.634766147479317, "[0, 4, False, 0, 0, [1, 4], []]": 5.14141137647429, "[0, 5, False, 0, 0, [6], []]": 18.999577532286292, "[0, 3, False, 0, 0, [7], []]": 18.65309901888081, "[0, 2, False, 0, 0, [6], []]": 18.997989323567744, "[0, 1, True, 0, 0, [1], [1, 1, 1]]": 19.99919407292569, "[0, 3, False, 0, 0, [6], []]": 18.99987456197087, "[0, 5, False, 0, 0, [7], []]": 18.104775433069207, "[0, 4, False, 0, 0, [7], []]": 17.315601170657168, "[0, 2, False, 0, 0, [1, 2], []]": 9.912313238270183, "[0, 1, True, 0, 0, [1], [1, 1, 1, 1]]": 6.877896872829498, "[0, 3, False, 0, 0, [9], []]": 3.609880642626189, "[0, 4, True, 0, 0, [4], [1, 1]]": 15.423911640670601, "[0, 2, True, 0, 0, [2], [1, 1, 1]]": 18.56350971985485, "[0, 2, True, 0, 0, [2], [1, 1, 1, 1]]": 1.9999966684401564, "[0, 9, False, 0, 0, [9], []]": 6.534083376030106, "[0, 8, False, 0, 0, [9], []]": 1.8999967181641033, "[0, 8, False, 0, 0, [8], []]": 6.533580830261155, "[0, 3, False, 0, 0, [8], []]": 6.534073112741026, "[0, 1, False, 0, 0, [7], []]": 15.831105127175553, "[0, 7, False, 0, 0, [7], []]": 14.169076689250842, "[0, 7, False, 0, 0, [8], []]": 6.533854963627291, "[0, 1, False, 0, 0, [1, 5], []]": 1.8999961061152348, "[0, 6, False, 0, 0, [1, 5], []]": 3.6030585548063474, "[0, 4, False, 0, 0, [8], []]": 1.8999838598188874, "[0, 4, False, 0, 0, [1, 3], []]": 1.8999911780253536, "[0, 6, False, 0, 0, [7], []]": 12.374427129813744, "[0, 3, True, 0, 0, [3], [1, 1, 1]]": 1.9999963026091305, "[0, 2, False, 0, 0, [8], []]": 3.608962791070618, "[0, 5, False, 0, 0, [8], []]": 1.8999896326710328, "[0, 5, True, 0, 0, [5], [1, 1]]": 1.9999750644212257, "[0, 1, False, 0, 0, [1, 2], []]": 1.89999940126656, "[0, 6, False, 0, 0, [8], []]": 1.8999988732508102}