{"[True, False, False, False, [1], []]": 39.70855632109647, "[True, False, False, False, [2], []]": 38.5372538671586, "[True, True, False, False, [1], [1, 1]]": 34.66577789744317, "[True, True, False, False, [1, 2], [1]]": 56.53309555896259, "[False, False, False, False, [3], []]": 38.24837948001497, "[True, False, False, False, [1, 1], []]": 46.36722367220295, "[False, False, False, False, [2], []]": 38.86393334865496, "[True, True, False, False, [1], [1]]": 44.073099960251845, "[True, True, False, False, [3], [1]]": 49.587568143381546, "[False, False, False, False, [1, 3], []]": 42.10091418427588, "[False, False, False, False, [1, 2], []]": 39.2651431015609, "[True, True, False, False, [1, 1], [1]]": 44.79303719543829, "[False, False, False, False, [4], []]": 40.53703929329091, "[True, True, False, False, [2], [1]]": 46.970826686122585, "[True, False, False, False, [3], []]": 37.53591771917529, "[True, True, False, False, [2], [1, 1]]": 34.01822753687367, "[False, False, False, False, [5], []]": 40.541234773621795, "[True, False, False, False, [4], []]": 37.333501915319836, "[True, True, False, False, [3], [1, 1]]": 34.624739808089586, "[False, False, False, False, [6], []]": 42.98958945043238, "[True, True, False, False, [4], [1]]": 59.22904748104656, "[True, False, False, False, [5], []]": 36.6457313903425, "[True, False, False, False, [6], []]": 37.25314577995296, "[False, False, False, False, [1, 1], []]": 36.76536438285632, "[True, True, False, False, [1], [1, 1, 1]]": 36.471259696637844, "[False, False, False, False, [7], []]": 39.82273108030903, "[True, True, False, False, [5], [1]]": 46.07319661390494, "[True, True, False, False, [2], [1, 1, 1]]": 33.607132299141746, "[False, False, False, False, [8], []]": 39.07169424712234, "[True, False, False, False, [7], []]": 38.95916230591168, "[False, False, False, False, [1, 4], []]": 38.46905213786511, "[True, False, False, False, [1, 2], []]": 45.73392180447192, "[True, False, False, False, [1, 1, 1, 1], []]": 24.220314195225015, "[True, False, False, False, [1, 1, 1], []]": 40.77298888573872, "[True, True, False, False, [1, 1], [1, 1]]": 44.32625036814447, "[True, True, False, False, [1], [2]]": 35.05865719033878, "[True, True, False, False, [6], [1]]": 50.33325677318892, "[True, True, False, False, [4], [1, 1, 1]]": 43.54710282454679, "[False, False, False, False, [9], []]": 54.96512442004221, "[True, True, False, False, [4], [1, 1]]": 54.02792425038293, "[True, True, False, False, [5], [1, 1]]": 55.80205853889527, "[True, True, False, False, [8], [1]]": 53.44035970571778, "[True, False, False, False, [1, 4], []]": 45.57670833461021, "[True, True, False, False, [1], [2, 1]]": 27.180536837662476, "[True, False, False, False, [1, 3], []]": 37.561919969074104, "[False, False, False, False, [1, 1, 2], []]": 36.22065034237776, "[True, True, False, False, [3], [2]]": 15.10913243492474, "[True, True, False, False, [2], [2]]": 19.949653427834445, "[True, False, False, False, [8], []]": 38.59944550058882, "[False, False, False, False, [2, 1], []]": 27.714490902707166, "[True, True, False, False, [6], [1, 1]]": 45.00233511978959, "[True, True, False, False, [1], [1, 1, 1, 1]]": 37.52929331163024, "[False, False, False, False, [1, 6], []]": 44.58817401956992, "[False, False, False, False, [1, 5], []]": 40.884270999905794, "[True, True, False, False, [1, 3], [1]]": 45.44668914087797, "[True, True, False, False, [1, 1, 1], [1]]": 33.961801010876, "[True, True, False, False, [5], [1, 1, 1]]": 61.93304297704235, "[False, False, False, False, [1, 8], []]": 41.55335146755877, "[True, True, False, False, [7], [1, 1]]": 47.202391636541876, "[False, False, False, False, [10], []]": 48.462685419935944, "[False, False, False, False, [2, 2], []]": 38.13436328397451, "[True, True, False, False, [2, 1], [1]]": 25.284816936646006, "[True, False, False, False, [2, 1], []]": 40.06876692573397, "[False, False, False, False, [1, 1, 3], []]": 35.93035414636163, "[True, True, False, False, [2], [1, 1, 1, 1]]": 33.28949357188474, "[True, True, False, False, [3], [1, 1, 1, 1]]": 44.013703828950874, "[True, False, False, False, [1, 1, 2], []]": 39.57734821641081, "[False, False, False, False, [11], []]": 43.87845147289003, "[True, True, False, False, [3], [1, 1, 1]]": 35.738369226663345, "[True, False, False, False, [9], []]": 39.64365785342451, "[False, False, False, False, [1, 1, 1], []]": 35.308798211109966, "[True, True, False, False, [1], [1, 1, 1, 1, 1]]": 37.46815020715281, "[True, True, False, False, [1, 2], [1, 1]]": 23.290564194931378, "[True, False, False, False, [1, 5], []]": 47.03994423037807, "[True, True, False, False, [6], [1, 1, 1]]": 29.51000026489419, "[True, True, False, False, [7], [1, 1, 1]]": 86.70629620886365, "[True, True, False, False, [7], [1]]": 54.91485058537343, "[True, True, False, False, [1, 1], [2]]": 7.387639441319185, "[True, True, False, False, [1], [1, 2]]": 27.20508735653501, "[True, True, False, False, [1, 3], [1, 1]]": 17.613336448706356, "[True, True, False, False, [6], [1, 1, 1, 1]]": 99.99999999984784, "[False, False, False, False, [12], []]": 62.1158702814506, "[True, True, False, False, [2], [1, 1, 1, 1, 1]]": 60.04076551868371, "[True, True, False, False, [1, 1, 3], [1]]": 7.088697641349462, "[False, False, False, False, [1, 1, 4], []]": 40.43917465740259, "[True, False, False, False, [1, 1, 3], []]": 41.663618151782245, "[True, True, False, False, [2, 2], [1]]": 8.309660728398073, "[True, True, False, False, [8], [1, 1, 1]]": 99.98882740722831, "[True, False, False, False, [2, 2], []]": 31.298393305347247, "[True, True, False, False, [1, 1, 1], [1, 1]]": 14.69280163386651, "[True, True, False, False, [2], [2, 1]]": 13.388466143237705, "[True, False, False, False, [12], []]": 47.9443090815865, "[False, False, False, False, [1, 7], []]": 42.6714113126875, "[True, True, False, False, [4], [1, 1, 1, 1]]": 81.43977371155222, "[True, True, False, False, [10], [1]]": 79.18241701319921, "[True, True, False, False, [1, 4], [1]]": 32.12554347479043, "[True, True, False, False, [1, 4], [1, 1]]": 8.585224087186852, "[True, True, False, False, [1, 1, 2], [1, 1]]": 1.9771085138528683, "[True, False, False, False, [10], []]": 35.319228421033365, "[True, False, False, False, [11], []]": 41.94730645021672, "[True, True, False, False, [1, 5], [1]]": 27.868977353537595, "[True, True, False, False, [5], [1, 1, 1, 1]]": 99.57983346726891, "[False, False, False, False, [2, 4], []]": 39.74575509299123, "[True, True, False, False, [1, 1], [1, 1, 1]]": 18.23302459287616, "[False, False, False, False, [2, 1, 1], []]": 5.9955329971037425, "[True, False, False, False, [2, 1, 1], []]": 16.222082803113445, "[False, False, False, False, [2, 3], []]": 30.222331270728947, "[True, False, False, False, [2, 3], []]": 45.35798726436619, "[False, False, False, False, [2, 6], []]": 30.35066680545379, "[True, True, False, False, [2, 4], [1]]": 2.4613432898943586, "[True, False, False, False, [1, 6], []]": 43.30112854245837, "[False, False, False, False, [1, 10], []]": 63.09940458191116, "[True, True, False, False, [1, 4], [1, 1, 1, 1]]": 2.6310994638102656, "[True, True, False, False, [1, 6], [1]]": 10.803010675640275, "[True, True, False, False, [2], [1, 2]]": 8.703323748881676, "[True, False, False, False, [2, 4], []]": 22.890231779907808, "[True, False, False, False, [1, 1, 4], []]": 22.52542626455321, "[False, False, False, False, [2, 1, 2], []]": 8.614745481578709, "[True, False, False, False, [2, 1, 2], []]": 13.410231427298656, "[True, True, False, False, [1], [1, 1, 1, 1, 1, 1]]": 71.99005080248938, "[True, True, False, False, [1, 1, 2], [1]]": 9.650993720185436, "[False, False, False, False, [1, 1, 5], []]": 41.04176594178356, "[True, False, False, False, [1, 1, 5], []]": 15.260381018602583, "[True, True, False, False, [2, 1], [1, 1, 1, 1]]": 2.5216383073936344, "[True, True, False, False, [2, 1], [1, 1]]": 9.91304475220089, "[True, False, False, False, [2, 5], []]": 29.995444936218025,