{"[0, 1, True, 0, 0, [1], [1]]": 38.07101760808095, "[0, 1, False, 0, 0, [1], []]": 38.165623300845816, "[0, 1, False, 0, 0, [1, 1], []]": 37.36307388151272, "[0, 2, False, 0, 0, [1, 1], []]": 37.365024484514485, "[0, 2, False, 0, 0, [2], []]": 37.997639629799146, "[0, 2, False, 0, 0, [3], []]": 38.252790890951, "[0, 3, False, 0, 0, [3], []]": 38.10489405542851, "[0, 1, False, 0, 0, [2], []]": 37.90947811363637, "[0, 2, True, 0, 0, [2], [1]]": 38.20314949660268, "[0, 4, True, 0, 0, [4], [1]]": 40.26144448547993, "[0, 5, False, 0, 0, [6], []]": 38.97330630792495, "[0, 1, False, 0, 0, [3], []]": 38.27896366292865, "[0, 2, False, 0, 0, [5], []]": 38.14728217800733, "[0, 4, False, 0, 0, [4], []]": 38.301850598246936, "[0, 2, False, 0, 0, [4], []]": 37.531892408709595, "[0, 3, True, 0, 0, [3], [1]]": 38.15836715534887, "[0, 3, False, 0, 0, [4], []]": 38.497566433387256, "[0, 1, True, 0, 0, [1], [1, 1]]": 38.43328603935695, "[0, 1, False, 0, 0, [1, 2], []]": 37.26194201680349, "[0, 2, True, 0, 0, [2], [1, 1]]": 39.40207873921074, "[0, 2, False, 0, 0, [1, 2], []]": 36.597075538576725, "[0, 1, False, 0, 0, [5], []]": 38.08957813664402, "[0, 3, False, 0, 0, [5], []]": 38.128441199751265, "[0, 5, True, 0, 0, [5], [1]]": 38.9770431800182, "[0, 1, False, 0, 0, [6], []]": 38.65256857004585, "[0, 3, True, 0, 0, [3], [1, 1]]": 39.91520008740502, "[0, 1, False, 0, 0, [7], []]": 39.648615399963965, "[0, 2, False, 0, 0, [6], []]": 38.416099380983724, "[0, 5, False, 0, 0, [5], []]": 38.53843592148118, "[0, 1, True, 0, 0, [1, 1], [1]]": 36.960986687597455, "[0, 1, False, 0, 0, [4], []]": 38.82348781694455, "[0, 4, False, 0, 0, [5], []]": 38.12913076086485, "[0, 3, False, 0, 0, [6], []]": 38.05662964947318, "[0, 2, True, 0, 0, [1, 1], [1]]": 34.91435334532573, "[0, 6, False, 0, 0, [6], []]": 38.726637477393275, "[0, 3, False, 0, 0, [7], []]": 38.08399949258637, "[0, 1, False, 0, 0, [1, 1, 1], []]": 34.28520361663204, "[0, 2, False, 0, 0, [1, 1, 1], []]": 33.94699154271623, "[0, 2, False, 0, 0, [1, 3], []]": 36.61857711154362, "[0, 2, True, 0, 0, [2], [1, 1, 1]]": 41.30384834409169, "[0, 1, True, 0, 0, [1], [1, 1, 1]]": 40.15728938789511, "[0, 2, False, 0, 0, [1, 4], []]": 35.61008538459802, "[0, 4, True, 0, 0, [4], [1, 1]]": 40.53910798019945, "[0, 7, False, 0, 0, [8], []]": 39.32896681474517, "[0, 4, False, 0, 0, [6], []]": 38.475799101624666, "[0, 2, False, 0, 0, [1, 5], []]": 35.91841346917491, "[0, 2, False, 0, 0, [8], []]": 39.16774127511354, "[0, 4, True, 0, 0, [4], [1, 1, 1]]": 40.324298832481, "[0, 1, False, 0, 0, [9], []]": 39.91926902044722, "[0, 5, True, 0, 0, [5], [1, 1]]": 42.472639770336734, "[0, 4, False, 0, 0, [8], []]": 38.46980694440016, "[0, 5, False, 0, 0, [7], []]": 38.58867915640639, "[0, 1, False, 0, 0, [2, 1], []]": 32.76693008326166, "[0, 4, False, 0, 0, [1, 3], []]": 36.47013146936564, "[0, 3, True, 0, 0, [3], [1, 1, 1]]": 40.678438539313746, "[0, 2, False, 0, 0, [9], []]": 39.26788031448148, "[0, 7, False, 0, 0, [7], []]": 39.28552619730507, "[0, 4, False, 0, 0, [7], []]": 38.63158823082466, "[0, 3, False, 0, 0, [1, 2], []]": 36.89351312327149, "[0, 8, False, 0, 0, [9], []]": 40.57737790634861, "[0, 6, True, 0, 0, [6], [1]]": 45.345083566534996, "[0, 8, False, 0, 0, [8], []]": 39.41503875678016, "[0, 3, False, 0, 0, [1, 3], []]": 36.47752488302133, "[0, 6, True, 0, 0, [6], [1, 1]]": 41.00510889009468, "[0, 9, False, 0, 0, [10], []]": 39.69421573313528, "[0, 9, False, 0, 0, [9], []]": 40.31143819040378, "[0, 2, False, 0, 0, [7], []]": 39.11050825753831, "[0, 1, False, 0, 0, [1, 4], []]": 36.925961154720405, "[0, 4, False, 0, 0, [1, 4], []]": 36.267986391137356, "[0, 5, True, 0, 0, [5], [1, 1, 1]]": 33.35173975322029, "[0, 5, False, 0, 0, [10], []]": 38.54065708676811, "[0, 6, False, 0, 0, [8], []]": 39.28790578010119, "[0, 3, False, 0, 0, [1, 5], []]": 36.63448169006245, "[0, 3, False, 0, 0, [1, 4], []]": 37.021621656125, "[0, 2, True, 0, 0, [1, 2], [1]]": 28.84547514928153, "[0, 10, False, 0, 0, [10], []]": 39.778381172845705, "[0, 6, False, 0, 0, [7], []]": 38.97096709873205, "[0, 2, True, 0, 0, [1, 1], [1, 1, 1]]": 4.030351686736271, "[0, 1, False, 0, 0, [1, 3], []]": 35.83663998972901, "[0, 4, False, 0, 0, [1, 5], []]": 34.73610269354686, "[0, 3, False, 0, 0, [8], []]": 40.04983466482272, "[0, 1, False, 0, 0, [8], []]": 39.75639623003073, "[0, 7, True, 0, 0, [7], [1, 1]]": 28.400480338953713, "[0, 9, False, 0, 0, [11], []]": 39.810984966466165, "[0, 7, False, 0, 0, [11], []]": 39.20762295026131, "[0, 5, False, 0, 0, [1, 6], []]": 36.407713597588554, "[0, 1, False, 0, 0, [1, 1, 2], []]": 35.96013509781307, "[0, 3, True, 0, 0, [1, 1, 2], [1]]": 4.05670855588742, "[0, 6, True, 0, 0, [6], [1, 1, 1]]": 20.79300956979842, "[0, 4, False, 0, 0, [12], []]": 39.2717216293354, "[0, 3, True, 0, 0, [3], [1, 1, 1, 1]]": 35.81098271601784, "[0, 2, False, 0, 0, [10], []]": 39.89517996214075, "[0, 5, False, 0, 0, [8], []]": 39.376413028936014, "[0, 7, True, 0, 0, [7], [1]]": 42.308352474747, "[0, 3, False, 0, 0, [2, 2], []]": 24.734816521921843, "[0, 1, False, 0, 0, [2, 2], []]": 31.45276613700454, "[0, 2, True, 0, 0, [2, 2], [1]]": 8.202969129715228, "[0, 5, False, 0, 0, [9], []]": 39.74455507282186, "[0, 2, False, 0, 0, [2, 3], []]": 20.0922525923174, "[0, 3, False, 0, 0, [2, 4], []]": 24.868442034631688, "[0, 4, False, 0, 0, [11], []]": 39.05356959186876, "[0, 5, True, 0, 0, [5], [1, 1, 1, 1]]": 1.358316694556669, "[0, 10, False, 0, 0, [12], []]": 41.54876916227284, "[0, 10, False, 0, 0, [11], []]": 41.03583616783364, "[0, 7, False, 0, 0, [9], []]": 40.11227084998654, "[0, 6, False, 0, 0, [9], []]": 40.73240263409769, "[0, 4, True, 0, 0, [4], [1, 1, 1, 1]]": 4.077802030609412, "[0, 6, False, 0, 0, [11], []]": 37.94395441321775, "[0, 2, False, 0, 0, [1, 7], []]": 33.59679471238583, "[0, 3, False, 0, 0, [9], []]": 40.2711539729439, "[0, 4, False, 0, 0, [1, 6], []]": 32.95893769868013, "[0, 6, True, 0, 0, [6], [1, 1, 1, 1]]": 100.9999999999933, "[0, 4, False, 0, 0, [9], []]": 38.78682651793599, "[0, 9, True, 0, 0, [9], [1, 1]]": 70.34991218099923, "[0, 2, True, 0, 0, [2], [1, 1, 1, 1]]": 42.665100297003455, "[0, 3, True, 0, 0, [2, 2], [1, 1, 1]]": 1.3197202509634076, "[0, 7, False, 0, 0, [1, 7], []]": 30.539037950893103, "[0, 1, True, 0, 0, [1], [1, 1, 1, 1]]": 42.0784197358529, "[0, 3, False, 0, 0, [12], []]": 58.76902208495978, "[0, 1, False, 0, 0, [2, 3], []]": 27.92650626930618, "[0, 1, False, 0, 0, [12], []]": 39.1658492893907, "[0, 9, False, 0, 0, [12], []]": 58.62990676133781, "[0, 4, True, 0, 0, [1, 3], [1]]": 9.377843442134058, "[0, 12, False, 0, 0, [12], []]": 57.98246456017317, "[0, 2, True, 0, 0, [1, 1, 1], [1]]": 1.6873923006019458, "[0, 4, True, 0, 0, [1, 3], [1, 1]]": 1.6780588085184485, "[0, 1, False, 0, 0, [1, 6], []]": 39.963852654542, "[0, 8, False, 0, 0, [12], []]": 38.56459010878285, "[0, 2, False, 0, 0, [2, 1], []]": 8.867142577432379, "[0, 1, False, 0, 0, [10], []]": 39.8869228731734, "[0, 2, False, 0, 0, [11], []]": 39.840735661073545, "[0, 3, True, 0, 0, [1, 3], [1]]": 11.413099077778059, "[0, 2, True, 0, 0, [2], [1, 1, 1, 1, 1]]": 41.32571224883642, "[0, 7, True, 0, 0, [1, 6], [1]]": 5.704980732549313, "[0, 7, True, 0, 0, [7], [1, 1, 1]]": 22.012522834750992, "[0, 2, True, 0, 0, [1, 1], [1, 1]]": 9.658366339742425, "[0, 4, False, 0, 0, [2, 3], []]": 13.977595601298056, "[0, 3, True, 0, 0, [1, 2], [1, 1]]": 1.7728026803440984, "[0, 1, False, 0, 0, [1, 5], []]": 37.20647965449884, "[0, 3, True, 0, 0, [1, 2], [1]]": 20.3379697049798, "[0, 8, False, 0, 0, [10], []]": 40.26166745368094, "[0, 1, False, 0, 0, [1, 7], []]": 34.613300283253956, "[0, 7, False, 0, 0, [1, 6], []]": 33.215414453402346, "[0, 1, True, 0, 0, [1], [1, 1, 1, 1, 1]]": 39.988575923307714, "[0, 3, False, 0, 0, [10], []]": 38.89367660335684, "[0, 6, False, 0, 0, [10], []]": 39.932183754313236, "[0, 2, False, 0, 0, [1, 10], []]": 6.218216851790768, "[0, 9, False, 0, 0, [1, 8], []]": 29.061056126611966, "[0, 9, True, 0, 0, [9], [1]]": 41.12572798938055,