{"[True, False, False, False, [1], []]": 32.95366037536649, "[True, False, False, False, [2], []]": 32.90059184205572, "[True, True, False, False, [1], [1, 1]]": 35.4833725086132, "[True, True, False, False, [1, 2], [1]]": 47.9505141411795, "[False, False, False, False, [3], []]": 35.406452337241426, "[True, False, False, False, [1, 1], []]": 38.03513065580512, "[False, False, False, False, [2], []]": 32.87823708863462, "[True, True, False, False, [1], [1]]": 38.63266224449766, "[True, True, False, False, [3], [1]]": 49.87963728995691, "[False, False, False, False, [1, 3], []]": 35.317077692774205, "[False, False, False, False, [1, 2], []]": 36.205498154063164, "[True, True, False, False, [1, 1], [1]]": 35.60353311559209, "[False, False, False, False, [4], []]": 35.41466881790669, "[True, True, False, False, [2], [1]]": 40.41966827776165, "[True, False, False, False, [3], []]": 35.548286043912476, "[True, True, False, False, [2], [1, 1]]": 32.209256016147854, "[False, False, False, False, [5], []]": 38.55659289785245, "[True, False, False, False, [4], []]": 35.48496808219855, "[True, True, False, False, [3], [1, 1]]": 36.979403880407006, "[False, False, False, False, [6], []]": 36.78220738755731, "[True, True, False, False, [4], [1]]": 48.807438569714456, "[True, False, False, False, [5], []]": 35.572000464729996, "[True, False, False, False, [6], []]": 36.70315705807621, "[False, False, False, False, [1, 1], []]": 34.983453202457845, "[True, True, False, False, [1], [1, 1, 1]]": 32.46912225295485, "[False, False, False, False, [7], []]": 36.15430769345131, "[True, True, False, False, [5], [1]]": 46.352391093035926, "[True, True, False, False, [2], [1, 1, 1]]": 32.903312282854834, "[False, False, False, False, [8], []]": 36.811110359448165, "[True, False, False, False, [7], []]": 36.128753889053066, "[False, False, False, False, [1, 4], []]": 38.416264944110004, "[True, False, False, False, [1, 2], []]": 39.82604426723191, "[True, False, False, False, [1, 1, 1, 1], []]": 21.80957865944403, "[True, False, False, False, [1, 1, 1], []]": 40.69933724228805, "[True, True, False, False, [1, 1], [1, 1]]": 35.0582711887176, "[True, True, False, False, [1], [2]]": 34.94664750720473, "[True, True, False, False, [6], [1]]": 49.837386991573005, "[True, True, False, False, [4], [1, 1, 1]]": 43.202979913999656, "[False, False, False, False, [9], []]": 43.1018262399655, "[True, True, False, False, [4], [1, 1]]": 43.282964257939135, "[True, True, False, False, [5], [1, 1]]": 45.49493334578933, "[True, True, False, False, [8], [1]]": 52.347271443808005, "[True, False, False, False, [1, 4], []]": 43.99364598716343, "[True, True, False, False, [1], [2, 1]]": 25.923650590505744, "[True, False, False, False, [1, 3], []]": 48.239302696279665, "[False, False, False, False, [1, 1, 2], []]": 36.22065034237776, "[True, True, False, False, [3], [2]]": 15.10913243492474, "[True, True, False, False, [2], [2]]": 19.949653427834445, "[True, False, False, False, [8], []]": 36.823327504711735, "[False, False, False, False, [2, 1], []]": 27.714490902707166, "[True, True, False, False, [6], [1, 1]]": 42.470029658695005, "[True, True, False, False, [1], [1, 1, 1, 1]]": 31.600707777904645, "[False, False, False, False, [1, 6], []]": 42.80573610440648, "[False, False, False, False, [1, 5], []]": 42.598734601937494, "[True, True, False, False, [1, 3], [1]]": 45.094145494577184, "[True, True, False, False, [1, 1, 1], [1]]": 32.474103684300864, "[True, True, False, False, [5], [1, 1, 1]]": 50.821828396606215, "[False, False, False, False, [1, 8], []]": 43.73619951283905, "[True, True, False, False, [7], [1, 1]]": 44.48043253066764, "[False, False, False, False, [10], []]": 43.29031560982044, "[False, False, False, False, [2, 2], []]": 35.89152207409588, "[True, True, False, False, [2, 1], [1]]": 25.284816936646006, "[True, False, False, False, [2, 1], []]": 39.77348270142141, "[False, False, False, False, [1, 1, 3], []]": 35.93035414636163, "[True, True, False, False, [2], [1, 1, 1, 1]]": 32.94713842226243, "[True, True, False, False, [3], [1, 1, 1, 1]]": 50.14433649156324, "[True, False, False, False, [1, 1, 2], []]": 38.3167109700943, "[False, False, False, False, [11], []]": 43.70818104480164, "[True, True, False, False, [3], [1, 1, 1]]": 33.820667672997004, "[True, False, False, False, [9], []]": 33.36415169843561, "[False, False, False, False, [1, 1, 1], []]": 33.6128055107118, "[True, True, False, False, [1], [1, 1, 1, 1, 1]]": 32.82681888031538, "[True, True, False, False, [1, 2], [1, 1]]": 23.290564194931378, "[True, False, False, False, [1, 5], []]": 45.49847813668477, "[True, True, False, False, [6], [1, 1, 1]]": 29.51000026489419, "[True, True, False, False, [7], [1, 1, 1]]": 89.78718445629399, "[True, True, False, False, [7], [1]]": 51.76844396479365, "[True, True, False, False, [1, 1], [2]]": 7.387639441319185, "[True, True, False, False, [1], [1, 2]]": 27.20508735653501, "[True, True, False, False, [1, 3], [1, 1]]": 17.613336448706356, "[True, True, False, False, [6], [1, 1, 1, 1]]": 99.99999998256563, "[False, False, False, False, [12], []]": 45.67454212525033, "[True, True, False, False, [2], [1, 1, 1, 1, 1]]": 54.020790311685765, "[True, True, False, False, [1, 1, 3], [1]]": 7.088697641349462, "[False, False, False, False, [1, 1, 4], []]": 40.44193297409586, "[True, False, False, False, [1, 1, 3], []]": 42.213087277289, "[True, True, False, False, [2, 2], [1]]": 8.309660728398073, "[True, True, False, False, [8], [1, 1, 1]]": 99.63846432524848, "[True, False, False, False, [2, 2], []]": 31.298393305347247, "[True, True, False, False, [1, 1, 1], [1, 1]]": 14.69280163386651, "[True, True, False, False, [2], [2, 1]]": 13.388466143237705, "[True, False, False, False, [12], []]": 45.560867470188036, "[False, False, False, False, [1, 7], []]": 44.67861542731886, "[True, True, False, False, [4], [1, 1, 1, 1]]": 61.29253488112749, "[True, True, False, False, [10], [1]]": 75.42695465147096, "[True, True, False, False, [1, 4], [1]]": 31.188327273007765, "[True, True, False, False, [1, 4], [1, 1]]": 8.585224087186852, "[True, True, False, False, [1, 1, 2], [1, 1]]": 1.9771085138528683, "[True, False, False, False, [10], []]": 34.92800470022014, "[True, False, False, False, [11], []]": 39.95365742982351, "[True, True, False, False, [1, 5], [1]]": 25.523813941558597, "[True, True, False, False, [5], [1, 1, 1, 1]]": 95.95707849951602, "[False, False, False, False, [2, 4], []]": 38.66056615050978, "[True, True, False, False, [1, 1], [1, 1, 1]]": 16.19826747069964, "[False, False, False, False, [2, 1, 1], []]": 5.9955329971037425, "[True, False, False, False, [2, 1, 1], []]": 11.541123173743179, "[False, False, False, False, [2, 3], []]": 30.222331270728947, "[True, False, False, False, [2, 3], []]": 44.28763200915833, "[False, False, False, False, [2, 6], []]": 30.35066680545379, "[True, True, False, False, [2, 4], [1]]": 2.4613432898943586, "[True, False, False, False, [1, 6], []]": 46.21904798986762, "[False, False, False, False, [1, 10], []]": 56.56281302737651, "[True, True, False, False, [1, 4], [1, 1, 1, 1]]": 2.6310994638102656, "[True, True, False, False, [1, 6], [1]]": 10.803010675640275, "[True, True, False, False, [2], [1, 2]]": 8.703323748881676, "[True, False, False, False, [2, 4], []]": 22.890231779907808, "[True, False, False, False, [1, 1, 4], []]": 22.52542626455321, "[False, False, False, False, [2, 1, 2], []]": 8.614745481578709, "[True, False, False, False, [2, 1, 2], []]": 13.410231427298656, "[True, True, False, False, [1], [1, 1, 1, 1, 1, 1]]": 76.81938487015208, "[True, True, False, False, [1, 1, 2], [1]]": 9.650993720185436, "[False, False, False, False, [1, 1, 5], []]": 40.47191560069029, "[True, False, False, False, [1, 1, 5], []]": 15.260381018602583, "[True, True, False, False, [2, 1], [1, 1, 1, 1]]": 2.5216383073936344, "[True, True, False, False, [2, 1], [1, 1]]": 9.91304475220089, "[True, False, False, False, [2, 5], []]": 29.995444936218025,